Nama,NIM,Prodi
Alice,21001,Informatika
Bob,21002,Informatika
Charlie,21003,Informatika
David,21004,Informatika
Eve,22001,Sistem Informasi
Frank,22002,Sistem Informasi
Grace,22003,Sistem Informasi
Helen,23001,Matematika
Ivan,23002,Matematika
Jack,23003,Matematika
Kara,24001,Fisika
Liam,24002,Fisika
Mila,24003,Fisika
Nina,24004,Fisika
Oscar,25001,Biologi
Paul,25002,Biologi
Quinn,25003,Biologi
Ryan,25004,Biologi
Sophia,25005,Biologi
Tina,25006,Biologi
